title,price,url
"M575 Ergonomic Wireless Trackball USB Mouse, Black (910-005869)",34.99,https://www.amazon.com/sspa/click?ie=UTF8&spc=MTozMDUyNDc3ODcxNDQzMjkxOjE3NDAxNDMzOTY6c3BfYXRmOjMwMDY2NDI2NDg4MzMwMjo6MDo6&url=%2FLogitech-910-005867-M575-Latin-America%2Fdp%2FB08TLYK78K%2Fref%3Dsr_1_1_sspa%3Fdib%3DeyJ2IjoiMSJ9.-p5_nhrB5en6YgeaBIXSxF9MI456q-B1_ygrTfmmkcCIHkWoX5cn4y1bOzW0nTLYZmrXZR3BYj4ldkhed4DIPYH9-xZWXCahh5vnvUdUMche70_MjhZHOEe0iYS9eq2I0izUeAoprVNa_xEsFMFiGs44eJo9YaKeOr_Wfm0YJ_USNuZ0c-bj2T8wllunSCtZTWp_FYXHMg8UNd_tZKBw4Yqvq3MoIQqWHvr6xGORXD4.JFiRDkMpA440eUEYsng9SbvmFA_-PrSW9cPiyfXxixI%26dib_tag%3Dse%26keywords%3Dlogitech%26qid%3D1740143396%26sr%3D8-1-spons%26sp_csd%3Dd2lkZ2V0TmFtZT1zcF9hdGY%26psc%3D1
"New h390 USB Headset with noisecanceling Microphone Bulk Packaging, 5.8 Ounce",28.09,https://www.amazon.com/sspa/click?ie=UTF8&spc=MTozMDUyNDc3ODcxNDQzMjkxOjE3NDAxNDMzOTY6c3BfYXRmOjMwMDIwNDk0NjI4NzIwMjo6MDo6&url=%2FLogitech-logitech-noisecanceling-Microphone-Packaging%2Fdp%2FB075G4JT4S%2Fref%3Dsr_1_2_sspa%3Fdib%3DeyJ2IjoiMSJ9.-p5_nhrB5en6YgeaBIXSxF9MI456q-B1_ygrTfmmkcCIHkWoX5cn4y1bOzW0nTLYZmrXZR3BYj4ldkhed4DIPYH9-xZWXCahh5vnvUdUMche70_MjhZHOEe0iYS9eq2I0izUeAoprVNa_xEsFMFiGs44eJo9YaKeOr_Wfm0YJ_USNuZ0c-bj2T8wllunSCtZTWp_FYXHMg8UNd_tZKBw4Yqvq3MoIQqWHvr6xGORXD4.JFiRDkMpA440eUEYsng9SbvmFA_-PrSW9cPiyfXxixI%26dib_tag%3Dse%26keywords%3Dlogitech%26qid%3D1740143396%26sr%3D8-2-spons%26sp_csd%3Dd2lkZ2V0TmFtZT1zcF9hdGY%26psc%3D1
"MX Keys S Combo - Performance Wireless Keyboard and Mouse with Palm Rest, Customizable Illumination, Fast Scrolling, Bluetooth, USB C, for Windows, Linux, Chrome, Mac",174.59,https://www.amazon.com/Logitech-Keys-Combo-Customizable-Illumination/dp/B0BKVY4WKT/ref=sr_1_3?dib=eyJ2IjoiMSJ9.-p5_nhrB5en6YgeaBIXSxF9MI456q-B1_ygrTfmmkcCIHkWoX5cn4y1bOzW0nTLYZmrXZR3BYj4ldkhed4DIPYH9-xZWXCahh5vnvUdUMche70_MjhZHOEe0iYS9eq2I0izUeAoprVNa_xEsFMFiGs44eJo9YaKeOr_Wfm0YJ_USNuZ0c-bj2T8wllunSCtZTWp_FYXHMg8UNd_tZKBw4Yqvq3MoIQqWHvr6xGORXD4.JFiRDkMpA440eUEYsng9SbvmFA_-PrSW9cPiyfXxixI&dib_tag=se&keywords=logitech&qid=1740143396&sr=8-3
"Brio 101 Full HD 1080p Webcam Made for Meetings and Works for Streaming — Auto-Light Balance, Built-in Mic, Privacy Shutter, USB-A, for Microsoft Teams, Google Meet, Zoom, and More - Black",35.99,https://www.amazon.com/Logitech-Webcam-Meetings-Streaming-Built/dp/B0BXGFFSL1/ref=sr_1_4?dib=eyJ2IjoiMSJ9.-p5_nhrB5en6YgeaBIXSxF9MI456q-B1_ygrTfmmkcCIHkWoX5cn4y1bOzW0nTLYZmrXZR3BYj4ldkhed4DIPYH9-xZWXCahh5vnvUdUMche70_MjhZHOEe0iYS9eq2I0izUeAoprVNa_xEsFMFiGs44eJo9YaKeOr_Wfm0YJ_USNuZ0c-bj2T8wllunSCtZTWp_FYXHMg8UNd_tZKBw4Yqvq3MoIQqWHvr6xGORXD4.JFiRDkMpA440eUEYsng9SbvmFA_-PrSW9cPiyfXxixI&dib_tag=se&keywords=logitech&qid=1740143396&sr=8-4
"Logitech G502 HERO High Performance Wired Gaming Mouse, HERO 25K Sensor, 25,600 DPI, RGB, Adjustable Weights, 11 Programmable Buttons, On-Board Memory, PC / Mac",Chưa cập nhật,https://www.amazon.com/Logitech-G502-Performance-Gaming-Mouse/dp/B07GBZ4Q68/ref=sr_1_5?dib=eyJ2IjoiMSJ9.-p5_nhrB5en6YgeaBIXSxF9MI456q-B1_ygrTfmmkcCIHkWoX5cn4y1bOzW0nTLYZmrXZR3BYj4ldkhed4DIPYH9-xZWXCahh5vnvUdUMche70_MjhZHOEe0iYS9eq2I0izUeAoprVNa_xEsFMFiGs44eJo9YaKeOr_Wfm0YJ_USNuZ0c-bj2T8wllunSCtZTWp_FYXHMg8UNd_tZKBw4Yqvq3MoIQqWHvr6xGORXD4.JFiRDkMpA440eUEYsng9SbvmFA_-PrSW9cPiyfXxixI&dib_tag=se&keywords=logitech&qid=1740143396&sr=8-5
"Logitech G733 Lightspeed Wireless Gaming Headset with Suspension Headband, Lightsync RGB, Blue VO!CE mic technology and PRO-G audio drivers - Black",Chưa cập nhật,https://www.amazon.com/Logitech-Wireless-Headset-Black-Tico/dp/B081415GCS/ref=sr_1_6?dib=eyJ2IjoiMSJ9.-p5_nhrB5en6YgeaBIXSxF9MI456q-B1_ygrTfmmkcCIHkWoX5cn4y1bOzW0nTLYZmrXZR3BYj4ldkhed4DIPYH9-xZWXCahh5vnvUdUMche70_MjhZHOEe0iYS9eq2I0izUeAoprVNa_xEsFMFiGs44eJo9YaKeOr_Wfm0YJ_USNuZ0c-bj2T8wllunSCtZTWp_FYXHMg8UNd_tZKBw4Yqvq3MoIQqWHvr6xGORXD4.JFiRDkMpA440eUEYsng9SbvmFA_-PrSW9cPiyfXxixI&dib_tag=se&keywords=logitech&qid=1740143396&sr=8-6
"Bluetooth Headset, V5.2 Wireless Headset with AI Noise Cancellation Microphone, On Ear Headphones with Charging Base and Bluetooth Adapter, for Computer Home Office Call Center Zoom Skype",65.99,https://www.amazon.com/sspa/click?ie=UTF8&spc=MTozMDUyNDc3ODcxNDQzMjkxOjE3NDAxNDMzOTY6c3BfbXRmOjMwMDExMDY1NzQyNDIwMjo6MDo6&url=%2FPrancyBt-Bluetooth-Cancellation-Microphone-Headphones%2Fdp%2FB0C2Z59G31%2Fref%3Dsr_1_7_sspa%3Fdib%3DeyJ2IjoiMSJ9.-p5_nhrB5en6YgeaBIXSxF9MI456q-B1_ygrTfmmkcCIHkWoX5cn4y1bOzW0nTLYZmrXZR3BYj4ldkhed4DIPYH9-xZWXCahh5vnvUdUMche70_MjhZHOEe0iYS9eq2I0izUeAoprVNa_xEsFMFiGs44eJo9YaKeOr_Wfm0YJ_USNuZ0c-bj2T8wllunSCtZTWp_FYXHMg8UNd_tZKBw4Yqvq3MoIQqWHvr6xGORXD4.JFiRDkMpA440eUEYsng9SbvmFA_-PrSW9cPiyfXxixI%26dib_tag%3Dse%26keywords%3Dlogitech%26qid%3D1740143396%26sr%3D8-7-spons%26sp_csd%3Dd2lkZ2V0TmFtZT1zcF9tdGY%26psc%3D1
"Logitech G29 Driving Force Racing Wheel and Floor Pedals, Real Force Feedback, Stainless Steel Paddle Shifters, Leather Steering Wheel Cover for PS5, PS4, PC, Mac - Black",Chưa cập nhật,https://www.amazon.com/Logitech-Dual-motor-Feedback-Responsive-PlayStation/dp/B00Z0UWWYC/ref=sr_1_8?dib=eyJ2IjoiMSJ9.-p5_nhrB5en6YgeaBIXSxF9MI456q-B1_ygrTfmmkcCIHkWoX5cn4y1bOzW0nTLYZmrXZR3BYj4ldkhed4DIPYH9-xZWXCahh5vnvUdUMche70_MjhZHOEe0iYS9eq2I0izUeAoprVNa_xEsFMFiGs44eJo9YaKeOr_Wfm0YJ_USNuZ0c-bj2T8wllunSCtZTWp_FYXHMg8UNd_tZKBw4Yqvq3MoIQqWHvr6xGORXD4.JFiRDkMpA440eUEYsng9SbvmFA_-PrSW9cPiyfXxixI&dib_tag=se&keywords=logitech&qid=1740143396&sr=8-8
MK335 Wireless Keyboard and Mouse Combo - Black/Silver,39.57,https://www.amazon.com/Logitech-13004-MK335/dp/B072JX77X6/ref=sr_1_9?dib=eyJ2IjoiMSJ9.-p5_nhrB5en6YgeaBIXSxF9MI456q-B1_ygrTfmmkcCIHkWoX5cn4y1bOzW0nTLYZmrXZR3BYj4ldkhed4DIPYH9-xZWXCahh5vnvUdUMche70_MjhZHOEe0iYS9eq2I0izUeAoprVNa_xEsFMFiGs44eJo9YaKeOr_Wfm0YJ_USNuZ0c-bj2T8wllunSCtZTWp_FYXHMg8UNd_tZKBw4Yqvq3MoIQqWHvr6xGORXD4.JFiRDkMpA440eUEYsng9SbvmFA_-PrSW9cPiyfXxixI&dib_tag=se&keywords=logitech&qid=1740143396&sr=8-9
"C922x Pro Stream Webcam – Full 1080p HD Camera, Black",98.49,https://www.amazon.com/Logitech-C922x-Pro-Stream-Webcam/dp/B01LXCDPPK/ref=sr_1_10?dib=eyJ2IjoiMSJ9.-p5_nhrB5en6YgeaBIXSxF9MI456q-B1_ygrTfmmkcCIHkWoX5cn4y1bOzW0nTLYZmrXZR3BYj4ldkhed4DIPYH9-xZWXCahh5vnvUdUMche70_MjhZHOEe0iYS9eq2I0izUeAoprVNa_xEsFMFiGs44eJo9YaKeOr_Wfm0YJ_USNuZ0c-bj2T8wllunSCtZTWp_FYXHMg8UNd_tZKBw4Yqvq3MoIQqWHvr6xGORXD4.JFiRDkMpA440eUEYsng9SbvmFA_-PrSW9cPiyfXxixI&dib_tag=se&keywords=logitech&qid=1740143396&sr=8-10
"Logitech G920 Driving Force Racing Wheel and Pedals, Force Feedback + Logitech G Driving Force Shifter - Xbox Series X|S, Xbox One and PC, Mac - Black",Chưa cập nhật,https://www.amazon.com/Logitech-G920-Driving-Racing-Shifter/dp/B016LI8SCG/ref=sr_1_11?dib=eyJ2IjoiMSJ9.-p5_nhrB5en6YgeaBIXSxF9MI456q-B1_ygrTfmmkcCIHkWoX5cn4y1bOzW0nTLYZmrXZR3BYj4ldkhed4DIPYH9-xZWXCahh5vnvUdUMche70_MjhZHOEe0iYS9eq2I0izUeAoprVNa_xEsFMFiGs44eJo9YaKeOr_Wfm0YJ_USNuZ0c-bj2T8wllunSCtZTWp_FYXHMg8UNd_tZKBw4Yqvq3MoIQqWHvr6xGORXD4.JFiRDkMpA440eUEYsng9SbvmFA_-PrSW9cPiyfXxixI&dib_tag=se&keywords=logitech&qid=1740143396&sr=8-11
"Studio R30 4K Video Conferencing Bar (Plantronics) – Camera, Mic, & Speaker for Small Rooms – Automatic Camera Framing – Noise Reduction Technology – Works w/Teams, Google, Zoom –Amazon Exclusive",349.99,https://www.amazon.com/sspa/click?ie=UTF8&spc=MTozMDUyNDc3ODcxNDQzMjkxOjE3NDAxNDMzOTY6c3BfbXRmOjMwMDY1MjE3ODUyNTkwMjo6MDo6&url=%2FPoly-Studio-Video-Conferencing-Plantronics%2Fdp%2FB0CDJD4XSL%2Fref%3Dsr_1_12_sspa%3Fdib%3DeyJ2IjoiMSJ9.-p5_nhrB5en6YgeaBIXSxF9MI456q-B1_ygrTfmmkcCIHkWoX5cn4y1bOzW0nTLYZmrXZR3BYj4ldkhed4DIPYH9-xZWXCahh5vnvUdUMche70_MjhZHOEe0iYS9eq2I0izUeAoprVNa_xEsFMFiGs44eJo9YaKeOr_Wfm0YJ_USNuZ0c-bj2T8wllunSCtZTWp_FYXHMg8UNd_tZKBw4Yqvq3MoIQqWHvr6xGORXD4.JFiRDkMpA440eUEYsng9SbvmFA_-PrSW9cPiyfXxixI%26dib_tag%3Dse%26keywords%3Dlogitech%26qid%3D1740143396%26sr%3D8-12-spons%26sp_csd%3Dd2lkZ2V0TmFtZT1zcF9tdGY%26psc%3D1
"PRO X SUPERLIGHT Wireless Gaming Mouse, Ultra-Lightweight, HERO 25K Sensor, 25,600 DPI, 5 Programmable Buttons, Long Battery Life, Compatible with PC / Mac - Black",90.00,https://www.amazon.com/Logitech-SUPERLIGHT-Ultra-Lightweight-Programmable-Compatible/dp/B087LXCTFJ/ref=sr_1_13?dib=eyJ2IjoiMSJ9.-p5_nhrB5en6YgeaBIXSxF9MI456q-B1_ygrTfmmkcCIHkWoX5cn4y1bOzW0nTLYZmrXZR3BYj4ldkhed4DIPYH9-xZWXCahh5vnvUdUMche70_MjhZHOEe0iYS9eq2I0izUeAoprVNa_xEsFMFiGs44eJo9YaKeOr_Wfm0YJ_USNuZ0c-bj2T8wllunSCtZTWp_FYXHMg8UNd_tZKBw4Yqvq3MoIQqWHvr6xGORXD4.JFiRDkMpA440eUEYsng9SbvmFA_-PrSW9cPiyfXxixI&dib_tag=se&keywords=logitech&qid=1740143396&sr=8-13
"ERGO K860 Wireless Ergonomic Keyboard - Split Keyboard, Wrist Rest, Natural Typing, Stain-Resistant Fabric, Bluetooth and USB Connectivity, Compatible with Windows/Mac, Black",Chưa cập nhật,https://www.amazon.com/Logitech-Wireless-Ergonomic-Keyboard-Wrist/dp/B07ZWK2TQT/ref=sr_1_14?dib=eyJ2IjoiMSJ9.-p5_nhrB5en6YgeaBIXSxF9MI456q-B1_ygrTfmmkcCIHkWoX5cn4y1bOzW0nTLYZmrXZR3BYj4ldkhed4DIPYH9-xZWXCahh5vnvUdUMche70_MjhZHOEe0iYS9eq2I0izUeAoprVNa_xEsFMFiGs44eJo9YaKeOr_Wfm0YJ_USNuZ0c-bj2T8wllunSCtZTWp_FYXHMg8UNd_tZKBw4Yqvq3MoIQqWHvr6xGORXD4.JFiRDkMpA440eUEYsng9SbvmFA_-PrSW9cPiyfXxixI&dib_tag=se&keywords=logitech&qid=1740143396&sr=8-14
"MX Vertical Wireless Mouse – Ergonomic Design Reduces Muscle Strain, Move Content Between 3 Windows and Apple Computers, Rechargeable, Graphite",78.99,https://www.amazon.com/Logitech-Vertical-Wireless-Mouse-Rechargeable/dp/B07FNJB8TT/ref=sr_1_15?dib=eyJ2IjoiMSJ9.-p5_nhrB5en6YgeaBIXSxF9MI456q-B1_ygrTfmmkcCIHkWoX5cn4y1bOzW0nTLYZmrXZR3BYj4ldkhed4DIPYH9-xZWXCahh5vnvUdUMche70_MjhZHOEe0iYS9eq2I0izUeAoprVNa_xEsFMFiGs44eJo9YaKeOr_Wfm0YJ_USNuZ0c-bj2T8wllunSCtZTWp_FYXHMg8UNd_tZKBw4Yqvq3MoIQqWHvr6xGORXD4.JFiRDkMpA440eUEYsng9SbvmFA_-PrSW9cPiyfXxixI&dib_tag=se&keywords=logitech&qid=1740143396&sr=8-15
Pro Wireless Gaming Mouse with Esports Grade Performance,69.95,https://www.amazon.com/Logitech-Wireless-Gaming-Esports-Performance/dp/B07GCKQD77/ref=sr_1_16?dib=eyJ2IjoiMSJ9.-p5_nhrB5en6YgeaBIXSxF9MI456q-B1_ygrTfmmkcCIHkWoX5cn4y1bOzW0nTLYZmrXZR3BYj4ldkhed4DIPYH9-xZWXCahh5vnvUdUMche70_MjhZHOEe0iYS9eq2I0izUeAoprVNa_xEsFMFiGs44eJo9YaKeOr_Wfm0YJ_USNuZ0c-bj2T8wllunSCtZTWp_FYXHMg8UNd_tZKBw4Yqvq3MoIQqWHvr6xGORXD4.JFiRDkMpA440eUEYsng9SbvmFA_-PrSW9cPiyfXxixI&dib_tag=se&keywords=logitech&qid=1740143396&sr=8-16
"Sync 20 USB-C Personal Portable Smart Speakerphone (Plantronics) – Noise/Echo Reduction -Works w/Teams, Zoom, PC, Mac, Mobile – Amazon Exclusive",116.31,https://www.amazon.com/sspa/click?ie=UTF8&spc=MTozMDUyNDc3ODcxNDQzMjkxOjE3NDAxNDMzOTY6c3BfbXRmOjMwMDY1NTcxNDA3MzQwMjo6MDo6&url=%2FUSB-C-Personal-Portable-Speakerphone-Plantronics%2Fdp%2FB0C6FKFRSZ%2Fref%3Dsr_1_17_sspa%3Fdib%3DeyJ2IjoiMSJ9.-p5_nhrB5en6YgeaBIXSxF9MI456q-B1_ygrTfmmkcCIHkWoX5cn4y1bOzW0nTLYZmrXZR3BYj4ldkhed4DIPYH9-xZWXCahh5vnvUdUMche70_MjhZHOEe0iYS9eq2I0izUeAoprVNa_xEsFMFiGs44eJo9YaKeOr_Wfm0YJ_USNuZ0c-bj2T8wllunSCtZTWp_FYXHMg8UNd_tZKBw4Yqvq3MoIQqWHvr6xGORXD4.JFiRDkMpA440eUEYsng9SbvmFA_-PrSW9cPiyfXxixI%26dib_tag%3Dse%26keywords%3Dlogitech%26qid%3D1740143396%26sr%3D8-17-spons%26sp_csd%3Dd2lkZ2V0TmFtZT1zcF9tdGY%26psc%3D1
"MX Anywhere 2S Bluetooth Edition Wireless Mouse - Use On Any Surface, Hyper-Fast Scrolling, Rechargeable, Control Up to 3 Apple Mac and Windows Computers and Laptops",Chưa cập nhật,https://www.amazon.com/Logitech-Anywhere-Bluetooth-Wireless-Mouse/dp/B0CJXQVMHL/ref=sr_1_18?dib=eyJ2IjoiMSJ9.-p5_nhrB5en6YgeaBIXSxF9MI456q-B1_ygrTfmmkcCIHkWoX5cn4y1bOzW0nTLYZmrXZR3BYj4ldkhed4DIPYH9-xZWXCahh5vnvUdUMche70_MjhZHOEe0iYS9eq2I0izUeAoprVNa_xEsFMFiGs44eJo9YaKeOr_Wfm0YJ_USNuZ0c-bj2T8wllunSCtZTWp_FYXHMg8UNd_tZKBw4Yqvq3MoIQqWHvr6xGORXD4.JFiRDkMpA440eUEYsng9SbvmFA_-PrSW9cPiyfXxixI&dib_tag=se&keywords=logitech&qid=1740143396&sr=8-18
"M196 Bluetooth Wireless Mouse, Compact and Portable Mouse for Laptops, Tablets and More, 12-Month Battery, Smooth Tracking, Compatible with PC and Mac, Windows and macOS - Rose",9.99,https://www.amazon.com/Logitech-Bluetooth-Wireless-Portable-Compatible/dp/B0D9N62T62/ref=sr_1_19?dib=eyJ2IjoiMSJ9.-p5_nhrB5en6YgeaBIXSxF9MI456q-B1_ygrTfmmkcCIHkWoX5cn4y1bOzW0nTLYZmrXZR3BYj4ldkhed4DIPYH9-xZWXCahh5vnvUdUMche70_MjhZHOEe0iYS9eq2I0izUeAoprVNa_xEsFMFiGs44eJo9YaKeOr_Wfm0YJ_USNuZ0c-bj2T8wllunSCtZTWp_FYXHMg8UNd_tZKBw4Yqvq3MoIQqWHvr6xGORXD4.JFiRDkMpA440eUEYsng9SbvmFA_-PrSW9cPiyfXxixI&dib_tag=se&keywords=logitech&qid=1740143396&sr=8-19
"MX Mechanical Mini Wireless Illuminated Keyboard, Clicky Switches, Backlit, Bluetooth, USB-C, macOS, Windows, Linux, iOS, Android, Metal",94.05,https://www.amazon.com/Logitech-Mechanical-Wireless-Illuminated-Bluetooth/dp/B09LJTPXCF/ref=sr_1_20?dib=eyJ2IjoiMSJ9.-p5_nhrB5en6YgeaBIXSxF9MI456q-B1_ygrTfmmkcCIHkWoX5cn4y1bOzW0nTLYZmrXZR3BYj4ldkhed4DIPYH9-xZWXCahh5vnvUdUMche70_MjhZHOEe0iYS9eq2I0izUeAoprVNa_xEsFMFiGs44eJo9YaKeOr_Wfm0YJ_USNuZ0c-bj2T8wllunSCtZTWp_FYXHMg8UNd_tZKBw4Yqvq3MoIQqWHvr6xGORXD4.JFiRDkMpA440eUEYsng9SbvmFA_-PrSW9cPiyfXxixI&dib_tag=se&keywords=logitech&qid=1740143396&sr=8-20
"Wave Keys MK670 Combo, Wireless Ergonomic Keyboard with Signature M550 L Wireless Mouse, Comfortable Natural Typing, Bluetooth, Logi Bolt, for Multi-OS, Windows/Mac - Graphite",68.25,https://www.amazon.com/Logitech-MK670-Wave-Keys-Combo/dp/B0BTNXW6W2/ref=sr_1_21?dib=eyJ2IjoiMSJ9.-p5_nhrB5en6YgeaBIXSxF9MI456q-B1_ygrTfmmkcCIHkWoX5cn4y1bOzW0nTLYZmrXZR3BYj4ldkhed4DIPYH9-xZWXCahh5vnvUdUMche70_MjhZHOEe0iYS9eq2I0izUeAoprVNa_xEsFMFiGs44eJo9YaKeOr_Wfm0YJ_USNuZ0c-bj2T8wllunSCtZTWp_FYXHMg8UNd_tZKBw4Yqvq3MoIQqWHvr6xGORXD4.JFiRDkMpA440eUEYsng9SbvmFA_-PrSW9cPiyfXxixI&dib_tag=se&keywords=logitech&qid=1740143396&sr=8-21
"4K Webcam for PC -Ultral HD 4K,with 4X Digital Zoom, 1 Built in Microphones. USB Type C Port. FOV 90°(Diagonal) AccelaFocus Technology,for Zoom/Skype/Teams, Conferencing and Video Calling",86.99,https://www.amazon.com/sspa/click?ie=UTF8&spc=MTozMDUyNDc3ODcxNDQzMjkxOjE3NDAxNDMzOTY6c3BfYnRmOjMwMDMyMjExMTQ3NzIwMjo6MDo6&url=%2FAngekis-Microphones-AccelaFocus-Technology-Conferencing%2Fdp%2FB0D4Y5PTF8%2Fref%3Dsr_1_22_sspa%3Fdib%3DeyJ2IjoiMSJ9.-p5_nhrB5en6YgeaBIXSxF9MI456q-B1_ygrTfmmkcCIHkWoX5cn4y1bOzW0nTLYZmrXZR3BYj4ldkhed4DIPYH9-xZWXCahh5vnvUdUMche70_MjhZHOEe0iYS9eq2I0izUeAoprVNa_xEsFMFiGs44eJo9YaKeOr_Wfm0YJ_USNuZ0c-bj2T8wllunSCtZTWp_FYXHMg8UNd_tZKBw4Yqvq3MoIQqWHvr6xGORXD4.JFiRDkMpA440eUEYsng9SbvmFA_-PrSW9cPiyfXxixI%26dib_tag%3Dse%26keywords%3Dlogitech%26qid%3D1740143396%26sr%3D8-22-spons%26sp_csd%3Dd2lkZ2V0TmFtZT1zcF9idGY%26psc%3D1
Blue DJ Headphones (0359),76.99,https://www.amazon.com/sspa/click?ie=UTF8&spc=MTo4NTM2ODczMzk2NzkyNDEzOjE3NDAxNDM0MzQ6c3BfYXRmX25leHQ6MzAwNTM0NTg4MDI4NTAyOjowOjo&url=%2FBlue-High-Fidelity-Headphones-Integrated-Audiophile%2Fdp%2FB076ZW42W1%2Fref%3Dsr_1_17_sspa%3Fdib%3DeyJ2IjoiMSJ9.uauBr4aFDX5nklu4xggGpvtyAAErgS8ISu6Hm4ndJ-TA3zZgUHPPVz_ofYhR7aAnV8Wh0NRAPQQ0zkmblensjB4JYvvpHbhMahn7g5u3-Op577E8s4FOLpjsscFvZPH5eUT4unIklfIj_nMf3omurlikY9uL0qLyyLv8EM6jsAj5KAEKD4_Xx22aiG0hzTBHxk-Pdryj1KTi7mn4zP6X60UAn3IRZKgfhSh5vIa5Je8.k1_6etFjTBX59NSJswovA27kz-8BruJFfX-EQtL_zas%26dib_tag%3Dse%26keywords%3Dlogitech%26qid%3D1740143434%26sr%3D8-17-spons%26xpid%3DN7Y7EFdCwfn02%26sp_csd%3Dd2lkZ2V0TmFtZT1zcF9hdGZfbmV4dA%26psc%3D1
"Ergonomic Mouse Pad Wrist Support with Massage Design, Wrist Rest Pain Relief Mousepad with Memory Foam&Non-Slip PU Base, Mouse Pads for Wireless Mouse & Desk (12x8 inch,Black)",24.99,https://www.amazon.com/sspa/click?ie=UTF8&spc=MTo4NTM2ODczMzk2NzkyNDEzOjE3NDAxNDM0MzQ6c3BfYXRmX25leHQ6MjAwMTIzMzA3NjkzOTk4OjowOjo&url=%2FHokafenle-Ergonomic-Mousepad-Non-Slip-Wireless%2Fdp%2FB0BPD3MMQ4%2Fref%3Dsr_1_18_sspa%3Fdib%3DeyJ2IjoiMSJ9.uauBr4aFDX5nklu4xggGpvtyAAErgS8ISu6Hm4ndJ-TA3zZgUHPPVz_ofYhR7aAnV8Wh0NRAPQQ0zkmblensjB4JYvvpHbhMahn7g5u3-Op577E8s4FOLpjsscFvZPH5eUT4unIklfIj_nMf3omurlikY9uL0qLyyLv8EM6jsAj5KAEKD4_Xx22aiG0hzTBHxk-Pdryj1KTi7mn4zP6X60UAn3IRZKgfhSh5vIa5Je8.k1_6etFjTBX59NSJswovA27kz-8BruJFfX-EQtL_zas%26dib_tag%3Dse%26keywords%3Dlogitech%26qid%3D1740143434%26sr%3D8-18-spons%26xpid%3DN7Y7EFdCwfn02%26sp_csd%3Dd2lkZ2V0TmFtZT1zcF9hdGZfbmV4dA%26psc%3D1
"Logitech G915 TKL Tenkeyless Lightspeed Wireless RGB Mechanical Gaming Keyboard, Low Profile Switch Options, Lightsync RGB, Advanced Wireless and Bluetooth Support - Tactile",140.00,https://www.amazon.com/Logitech-Tenkeyless-Lightspeed-Mechanical-LIGHTSYNC/dp/B085RLZ1C4/ref=sr_1_19?dib=eyJ2IjoiMSJ9.uauBr4aFDX5nklu4xggGpvtyAAErgS8ISu6Hm4ndJ-TA3zZgUHPPVz_ofYhR7aAnV8Wh0NRAPQQ0zkmblensjB4JYvvpHbhMahn7g5u3-Op577E8s4FOLpjsscFvZPH5eUT4unIklfIj_nMf3omurlikY9uL0qLyyLv8EM6jsAj5KAEKD4_Xx22aiG0hzTBHxk-Pdryj1KTi7mn4zP6X60UAn3IRZKgfhSh5vIa5Je8.k1_6etFjTBX59NSJswovA27kz-8BruJFfX-EQtL_zas&dib_tag=se&keywords=logitech&qid=1740143434&sr=8-19&xpid=N7Y7EFdCwfn02
"Logitech G Astro A50 X Omni-Platform Wireless Gaming Headset + Base Station for PS5, Xbox, PC: PLAYSYNC Video & Audio Switcher, HDMI 2.1 4K 120Hz VRR, <24 bit/48 kHz, 24hr Battery, 2.4GHz & BT - Black",339.00,https://www.amazon.com/Logitech-Astro-Wireless-Headset-Xbox/dp/B0BRXJDQC1/ref=sr_1_20?dib=eyJ2IjoiMSJ9.uauBr4aFDX5nklu4xggGpvtyAAErgS8ISu6Hm4ndJ-TA3zZgUHPPVz_ofYhR7aAnV8Wh0NRAPQQ0zkmblensjB4JYvvpHbhMahn7g5u3-Op577E8s4FOLpjsscFvZPH5eUT4unIklfIj_nMf3omurlikY9uL0qLyyLv8EM6jsAj5KAEKD4_Xx22aiG0hzTBHxk-Pdryj1KTi7mn4zP6X60UAn3IRZKgfhSh5vIa5Je8.k1_6etFjTBX59NSJswovA27kz-8BruJFfX-EQtL_zas&dib_tag=se&keywords=logitech&qid=1740143434&sr=8-20&xpid=N7Y7EFdCwfn02
"MX Keys S Wireless Keyboard, Low Profile, Fluid Precise Quiet Typing, Programmable Keys, Backlighting, Bluetooth, USB C Rechargeable, for Windows PC, Linux, Chrome, Mac - Pale Grey",109.99,https://www.amazon.com/Logitech-Programmable-Backlighting-Bluetooth-Rechargeable/dp/B0BKVZK4TH/ref=sr_1_21?dib=eyJ2IjoiMSJ9.uauBr4aFDX5nklu4xggGpvtyAAErgS8ISu6Hm4ndJ-TA3zZgUHPPVz_ofYhR7aAnV8Wh0NRAPQQ0zkmblensjB4JYvvpHbhMahn7g5u3-Op577E8s4FOLpjsscFvZPH5eUT4unIklfIj_nMf3omurlikY9uL0qLyyLv8EM6jsAj5KAEKD4_Xx22aiG0hzTBHxk-Pdryj1KTi7mn4zP6X60UAn3IRZKgfhSh5vIa5Je8.k1_6etFjTBX59NSJswovA27kz-8BruJFfX-EQtL_zas&dib_tag=se&keywords=logitech&qid=1740143434&sr=8-21&xpid=N7Y7EFdCwfn02
"Brio PRO X 4K Webcam, Ultra 4K HD Video Calling, Noise-Canceling mic, HD Auto Light Correction, Adjustable Field of View, Microsoft Teams, Zoom, Google Voice, PC/Mac/Laptop/MacBook/Tablet",166.00,https://www.amazon.com/Logitech-Calling-Noise-Canceling-Correction-Microsoft/dp/B09NBWWP79/ref=sr_1_22?dib=eyJ2IjoiMSJ9.uauBr4aFDX5nklu4xggGpvtyAAErgS8ISu6Hm4ndJ-TA3zZgUHPPVz_ofYhR7aAnV8Wh0NRAPQQ0zkmblensjB4JYvvpHbhMahn7g5u3-Op577E8s4FOLpjsscFvZPH5eUT4unIklfIj_nMf3omurlikY9uL0qLyyLv8EM6jsAj5KAEKD4_Xx22aiG0hzTBHxk-Pdryj1KTi7mn4zP6X60UAn3IRZKgfhSh5vIa5Je8.k1_6etFjTBX59NSJswovA27kz-8BruJFfX-EQtL_zas&dib_tag=se&keywords=logitech&qid=1740143434&sr=8-22&xpid=N7Y7EFdCwfn02
"MX Master 3S - Wireless Performance Mouse with Ultra-fast Scrolling, Ergo, 8K DPI, Track on Glass, Quiet Clicks, USB-C, Bluetooth, Windows, Linux, Chrome - Pale Grey",99.99,https://www.amazon.com/Logitech-MX-Master-3S-Pale/dp/B09HMKFDXC/ref=sr_1_23?dib=eyJ2IjoiMSJ9.uauBr4aFDX5nklu4xggGpvtyAAErgS8ISu6Hm4ndJ-TA3zZgUHPPVz_ofYhR7aAnV8Wh0NRAPQQ0zkmblensjB4JYvvpHbhMahn7g5u3-Op577E8s4FOLpjsscFvZPH5eUT4unIklfIj_nMf3omurlikY9uL0qLyyLv8EM6jsAj5KAEKD4_Xx22aiG0hzTBHxk-Pdryj1KTi7mn4zP6X60UAn3IRZKgfhSh5vIa5Je8.k1_6etFjTBX59NSJswovA27kz-8BruJFfX-EQtL_zas&dib_tag=se&keywords=logitech&qid=1740143434&sr=8-23&xpid=N7Y7EFdCwfn02
"PRO X Wireless Lightspeed Gaming Headset Gen 1: Blue VO!CE Mic Filter Tech, 50 mm PRO-G Drivers, and DTS Headphone:X 2.0 Surround Sound - Black",129.08,https://www.amazon.com/Logitech-Wireless-Lightspeed-Headset-Headphone/dp/B081PP4CB6/ref=sr_1_24?dib=eyJ2IjoiMSJ9.uauBr4aFDX5nklu4xggGpvtyAAErgS8ISu6Hm4ndJ-TA3zZgUHPPVz_ofYhR7aAnV8Wh0NRAPQQ0zkmblensjB4JYvvpHbhMahn7g5u3-Op577E8s4FOLpjsscFvZPH5eUT4unIklfIj_nMf3omurlikY9uL0qLyyLv8EM6jsAj5KAEKD4_Xx22aiG0hzTBHxk-Pdryj1KTi7mn4zP6X60UAn3IRZKgfhSh5vIa5Je8.k1_6etFjTBX59NSJswovA27kz-8BruJFfX-EQtL_zas&dib_tag=se&keywords=logitech&qid=1740143434&sr=8-24&xpid=N7Y7EFdCwfn02
"C920e HD 1080p Mic-Enabled Webcam, certified for Zoom, Microsoft Teams compatible, TAA Compliant",69.80,https://www.amazon.com/Logitech-Mic-Enabled-Certified-Microsoft-Compatible/dp/B09DVGV7BH/ref=sr_1_25?dib=eyJ2IjoiMSJ9.uauBr4aFDX5nklu4xggGpvtyAAErgS8ISu6Hm4ndJ-TA3zZgUHPPVz_ofYhR7aAnV8Wh0NRAPQQ0zkmblensjB4JYvvpHbhMahn7g5u3-Op577E8s4FOLpjsscFvZPH5eUT4unIklfIj_nMf3omurlikY9uL0qLyyLv8EM6jsAj5KAEKD4_Xx22aiG0hzTBHxk-Pdryj1KTi7mn4zP6X60UAn3IRZKgfhSh5vIa5Je8.k1_6etFjTBX59NSJswovA27kz-8BruJFfX-EQtL_zas&dib_tag=se&keywords=logitech&qid=1740143434&sr=8-25&xpid=N7Y7EFdCwfn02
"MK470 Slim Wireless Keyboard and Mouse Combo - Modern Compact Layout, Ultra Quiet, 2.4 GHz USB Receiver, Plug n' Play Connectivity, Compatible with Windows - Graphite",43.64,https://www.amazon.com/Logitech-MK470-Slim-Wireless-Combo/dp/B07VD4Q84X/ref=sr_1_26?dib=eyJ2IjoiMSJ9.uauBr4aFDX5nklu4xggGpvtyAAErgS8ISu6Hm4ndJ-TA3zZgUHPPVz_ofYhR7aAnV8Wh0NRAPQQ0zkmblensjB4JYvvpHbhMahn7g5u3-Op577E8s4FOLpjsscFvZPH5eUT4unIklfIj_nMf3omurlikY9uL0qLyyLv8EM6jsAj5KAEKD4_Xx22aiG0hzTBHxk-Pdryj1KTi7mn4zP6X60UAn3IRZKgfhSh5vIa5Je8.k1_6etFjTBX59NSJswovA27kz-8BruJFfX-EQtL_zas&dib_tag=se&keywords=logitech&qid=1740143434&sr=8-26&xpid=N7Y7EFdCwfn02
"Wireless Trackball Mouse, Ergonomic 55mm Trackball, Adjustable DPI for Precise Control, Left or Right Hand Compatible, Rechargeable, Multi-Device Bluetooth & 2.4GHz for PC, Laptop, Mac, Windows.",69.99,https://www.amazon.com/sspa/click?ie=UTF8&spc=MTo4NTM2ODczMzk2NzkyNDEzOjE3NDAxNDM0MzQ6c3BfbXRmOjMwMDYzMjY1MzUzODMwMjo6MDo6&url=%2FNulea-Adjustable-Compatible-Rechargeable-Multi-Device%2Fdp%2FB0DK1TMM3P%2Fref%3Dsr_1_27_sspa%3Fdib%3DeyJ2IjoiMSJ9.uauBr4aFDX5nklu4xggGpvtyAAErgS8ISu6Hm4ndJ-TA3zZgUHPPVz_ofYhR7aAnV8Wh0NRAPQQ0zkmblensjB4JYvvpHbhMahn7g5u3-Op577E8s4FOLpjsscFvZPH5eUT4unIklfIj_nMf3omurlikY9uL0qLyyLv8EM6jsAj5KAEKD4_Xx22aiG0hzTBHxk-Pdryj1KTi7mn4zP6X60UAn3IRZKgfhSh5vIa5Je8.k1_6etFjTBX59NSJswovA27kz-8BruJFfX-EQtL_zas%26dib_tag%3Dse%26keywords%3Dlogitech%26qid%3D1740143434%26sr%3D8-27-spons%26xpid%3DN7Y7EFdCwfn02%26sp_csd%3Dd2lkZ2V0TmFtZT1zcF9tdGY%26psc%3D1
"Bluetooth Mouse Ergonomic Shape, Silent Click, 18-Month Battery Life, 2000DPI, 5 Buttons, Optical Sensor, Compatible with PC, Mac, Laptop, SHELLPA, White (M-SH20BBSKWH)",22.99,https://www.amazon.com/sspa/click?ie=UTF8&spc=MTo4NTM2ODczMzk2NzkyNDEzOjE3NDAxNDM0MzQ6c3BfbXRmOjMwMDY0Njc0OTk5MTAwMjo6MDo6&url=%2FELECOM-Bluetooth-Ergonomic-Compatible-M-SH20BBSKWH%2Fdp%2FB0C5H1B24K%2Fref%3Dsr_1_28_sspa%3Fdib%3DeyJ2IjoiMSJ9.uauBr4aFDX5nklu4xggGpvtyAAErgS8ISu6Hm4ndJ-TA3zZgUHPPVz_ofYhR7aAnV8Wh0NRAPQQ0zkmblensjB4JYvvpHbhMahn7g5u3-Op577E8s4FOLpjsscFvZPH5eUT4unIklfIj_nMf3omurlikY9uL0qLyyLv8EM6jsAj5KAEKD4_Xx22aiG0hzTBHxk-Pdryj1KTi7mn4zP6X60UAn3IRZKgfhSh5vIa5Je8.k1_6etFjTBX59NSJswovA27kz-8BruJFfX-EQtL_zas%26dib_tag%3Dse%26keywords%3Dlogitech%26qid%3D1740143434%26sr%3D8-28-spons%26xpid%3DN7Y7EFdCwfn02%26sp_csd%3Dd2lkZ2V0TmFtZT1zcF9tdGY%26psc%3D1
2017 Brio 4K Webcam,128.00,https://www.amazon.com/Logitech-2017-Brio-4K-Webcam/dp/B01N5UOYC4/ref=sr_1_29?dib=eyJ2IjoiMSJ9.uauBr4aFDX5nklu4xggGpvtyAAErgS8ISu6Hm4ndJ-TA3zZgUHPPVz_ofYhR7aAnV8Wh0NRAPQQ0zkmblensjB4JYvvpHbhMahn7g5u3-Op577E8s4FOLpjsscFvZPH5eUT4unIklfIj_nMf3omurlikY9uL0qLyyLv8EM6jsAj5KAEKD4_Xx22aiG0hzTBHxk-Pdryj1KTi7mn4zP6X60UAn3IRZKgfhSh5vIa5Je8.k1_6etFjTBX59NSJswovA27kz-8BruJFfX-EQtL_zas&dib_tag=se&keywords=logitech&qid=1740143434&sr=8-29&xpid=N7Y7EFdCwfn02
"Logitech G305 LIGHTSPEED Wireless Gaming Mouse, Hero 12K Sensor, 12,000 DPI, Lightweight, 6 Programmable Buttons, 250h Battery Life, On-Board Memory, PC/Mac - Black",Chưa cập nhật,https://www.amazon.com/Logitech-LIGHTSPEED-Wireless-Gaming-Mouse/dp/B07CMS5Q6P/ref=sr_1_30?dib=eyJ2IjoiMSJ9.uauBr4aFDX5nklu4xggGpvtyAAErgS8ISu6Hm4ndJ-TA3zZgUHPPVz_ofYhR7aAnV8Wh0NRAPQQ0zkmblensjB4JYvvpHbhMahn7g5u3-Op577E8s4FOLpjsscFvZPH5eUT4unIklfIj_nMf3omurlikY9uL0qLyyLv8EM6jsAj5KAEKD4_Xx22aiG0hzTBHxk-Pdryj1KTi7mn4zP6X60UAn3IRZKgfhSh5vIa5Je8.k1_6etFjTBX59NSJswovA27kz-8BruJFfX-EQtL_zas&dib_tag=se&keywords=logitech&qid=1740143434&sr=8-30&xpid=N7Y7EFdCwfn02
"Logitech G Cloud Handheld Portable Gaming Console with Long-Battery Life, 1080P 7-Inch Touchscreen, Lightweight Design, Xbox Cloud Gaming, NVIDIA GeForce NOW, Google Play",Chưa cập nhật,https://www.amazon.com/Logitech-Handheld-Long-Battery-Touchscreen-Lightweight-Tablet/dp/B09T9FHZLH/ref=sr_1_31?dib=eyJ2IjoiMSJ9.uauBr4aFDX5nklu4xggGpvtyAAErgS8ISu6Hm4ndJ-TA3zZgUHPPVz_ofYhR7aAnV8Wh0NRAPQQ0zkmblensjB4JYvvpHbhMahn7g5u3-Op577E8s4FOLpjsscFvZPH5eUT4unIklfIj_nMf3omurlikY9uL0qLyyLv8EM6jsAj5KAEKD4_Xx22aiG0hzTBHxk-Pdryj1KTi7mn4zP6X60UAn3IRZKgfhSh5vIa5Je8.k1_6etFjTBX59NSJswovA27kz-8BruJFfX-EQtL_zas&dib_tag=se&keywords=logitech&qid=1740143434&sr=8-31&xpid=N7Y7EFdCwfn02
"Logitech G502 Lightspeed Wireless Gaming Mouse with Hero 25K Sensor, PowerPlay Compatible, Tunable Weights and Lightsync RGB - Black",Chưa cập nhật,https://www.amazon.com/Logitech-Lightspeed-PowerPlay-Compatible-Lightsync/dp/B07L4BM851/ref=sr_1_32?dib=eyJ2IjoiMSJ9.uauBr4aFDX5nklu4xggGpvtyAAErgS8ISu6Hm4ndJ-TA3zZgUHPPVz_ofYhR7aAnV8Wh0NRAPQQ0zkmblensjB4JYvvpHbhMahn7g5u3-Op577E8s4FOLpjsscFvZPH5eUT4unIklfIj_nMf3omurlikY9uL0qLyyLv8EM6jsAj5KAEKD4_Xx22aiG0hzTBHxk-Pdryj1KTi7mn4zP6X60UAn3IRZKgfhSh5vIa5Je8.k1_6etFjTBX59NSJswovA27kz-8BruJFfX-EQtL_zas&dib_tag=se&keywords=logitech&qid=1740143434&sr=8-32&xpid=N7Y7EFdCwfn02
"Lift Vertical Ergonomic Mouse, Wireless, Bluetooth or Logi Bolt USB receiver, Quiet clicks, 4 buttons, compatible with Windows/macOS/iPadOS, Laptop, PC - Graphite",Chưa cập nhật,https://www.amazon.com/Logitech-Vertical-Ergonomic-Bluetooth-Compatible/dp/B09J1TB35S/ref=sr_1_33?dib=eyJ2IjoiMSJ9.uauBr4aFDX5nklu4xggGpvtyAAErgS8ISu6Hm4ndJ-TA3zZgUHPPVz_ofYhR7aAnV8Wh0NRAPQQ0zkmblensjB4JYvvpHbhMahn7g5u3-Op577E8s4FOLpjsscFvZPH5eUT4unIklfIj_nMf3omurlikY9uL0qLyyLv8EM6jsAj5KAEKD4_Xx22aiG0hzTBHxk-Pdryj1KTi7mn4zP6X60UAn3IRZKgfhSh5vIa5Je8.k1_6etFjTBX59NSJswovA27kz-8BruJFfX-EQtL_zas&dib_tag=se&keywords=logitech&qid=1740143434&sr=8-33&xpid=N7Y7EFdCwfn02
"PRO X SUPERLIGHT 2 LIGHTSPEED Wireless Gaming Mouse, 8K Polling, Lightweight, LIGHTFORCE Hybrid Switches, HERO 2 Sensor, 888 IPS, 44,000 DPI, 5 Programmable Buttons,USB-C Charging, PC & Mac",Chưa cập nhật,https://www.amazon.com/Logitech-Superlight-Lightspeed-Lightweight-Programmable/dp/B09NBWQDKX/ref=sr_1_34?dib=eyJ2IjoiMSJ9.uauBr4aFDX5nklu4xggGpvtyAAErgS8ISu6Hm4ndJ-TA3zZgUHPPVz_ofYhR7aAnV8Wh0NRAPQQ0zkmblensjB4JYvvpHbhMahn7g5u3-Op577E8s4FOLpjsscFvZPH5eUT4unIklfIj_nMf3omurlikY9uL0qLyyLv8EM6jsAj5KAEKD4_Xx22aiG0hzTBHxk-Pdryj1KTi7mn4zP6X60UAn3IRZKgfhSh5vIa5Je8.k1_6etFjTBX59NSJswovA27kz-8BruJFfX-EQtL_zas&dib_tag=se&keywords=logitech&qid=1740143434&sr=8-34&xpid=N7Y7EFdCwfn02
"Pro X SE Wired Gaming Headset: Blue VO!CE Detachable Boom Mic, DTS 7.1, 50 mm Drivers, USB/3.5mm Aux, USB DAC Included, for PC, Xbox, PS5, PS4 - Black - G Pro X SE Wired Gaming Headset",99.99,https://www.amazon.com/Logitech-Pro-Wired-Gaming-Headset/dp/B0CW34HBKZ/ref=sr_1_35?dib=eyJ2IjoiMSJ9.uauBr4aFDX5nklu4xggGpvtyAAErgS8ISu6Hm4ndJ-TA3zZgUHPPVz_ofYhR7aAnV8Wh0NRAPQQ0zkmblensjB4JYvvpHbhMahn7g5u3-Op577E8s4FOLpjsscFvZPH5eUT4unIklfIj_nMf3omurlikY9uL0qLyyLv8EM6jsAj5KAEKD4_Xx22aiG0hzTBHxk-Pdryj1KTi7mn4zP6X60UAn3IRZKgfhSh5vIa5Je8.k1_6etFjTBX59NSJswovA27kz-8BruJFfX-EQtL_zas&dib_tag=se&keywords=logitech&qid=1740143434&sr=8-35&xpid=N7Y7EFdCwfn02
"Logitech G920 Driving Force Racing Wheel and Floor Pedals, Real Force Feedback, Stainless Steel Paddle Shifters, Leather Steering Wheel Cover for Xbox Series X|S, Xbox One, PC, Mac - Black",Chưa cập nhật,https://www.amazon.com/Logitech-Dual-Motor-Feedback-Driving-Responsive/dp/B00Z0UWV98/ref=sr_1_36?dib=eyJ2IjoiMSJ9.uauBr4aFDX5nklu4xggGpvtyAAErgS8ISu6Hm4ndJ-TA3zZgUHPPVz_ofYhR7aAnV8Wh0NRAPQQ0zkmblensjB4JYvvpHbhMahn7g5u3-Op577E8s4FOLpjsscFvZPH5eUT4unIklfIj_nMf3omurlikY9uL0qLyyLv8EM6jsAj5KAEKD4_Xx22aiG0hzTBHxk-Pdryj1KTi7mn4zP6X60UAn3IRZKgfhSh5vIa5Je8.k1_6etFjTBX59NSJswovA27kz-8BruJFfX-EQtL_zas&dib_tag=se&keywords=logitech&qid=1740143434&sr=8-36&xpid=N7Y7EFdCwfn02
"Wireless Keyboard and Mouse, SQMD Colorful Typewriter Retro Keyboard with Round Keycaps, 2.4GHz USB Full-Size Keyboard and Mouse Set for Mac PC Desktop Laptop (Purple Colorful)",39.99,https://www.amazon.com/sspa/click?ie=UTF8&spc=MTo4NTM2ODczMzk2NzkyNDEzOjE3NDAxNDM0MzQ6c3BfYnRmOjMwMDI4OTc0MjM4NjkwMjo6MDo6&url=%2FWireless-Keyboard-SQMD-Typewriter-Full-Size%2Fdp%2FB0D3G4XQ6J%2Fref%3Dsr_1_37_sspa%3Fdib%3DeyJ2IjoiMSJ9.uauBr4aFDX5nklu4xggGpvtyAAErgS8ISu6Hm4ndJ-TA3zZgUHPPVz_ofYhR7aAnV8Wh0NRAPQQ0zkmblensjB4JYvvpHbhMahn7g5u3-Op577E8s4FOLpjsscFvZPH5eUT4unIklfIj_nMf3omurlikY9uL0qLyyLv8EM6jsAj5KAEKD4_Xx22aiG0hzTBHxk-Pdryj1KTi7mn4zP6X60UAn3IRZKgfhSh5vIa5Je8.k1_6etFjTBX59NSJswovA27kz-8BruJFfX-EQtL_zas%26dib_tag%3Dse%26keywords%3Dlogitech%26qid%3D1740143434%26sr%3D8-37-spons%26xpid%3DN7Y7EFdCwfn02%26sp_csd%3Dd2lkZ2V0TmFtZT1zcF9idGY%26psc%3D1
"Overhead Camera Desk Mount, 30.9"" Webcam Stand with 1/4"" Screws, 360° Adjustable Tabletop C-Clamp Stand for DSLR, Webcam, Digital Cameras, Mini Projector, Logitech Webcam, Microphone",36.99,https://www.amazon.com/sspa/click?ie=UTF8&spc=MTo4NTM2ODczMzk2NzkyNDEzOjE3NDAxNDM0MzQ6c3BfYnRmOjMwMDYwODA5ODc4OTYwMjo6MDo6&url=%2FOverhead-Adjustable-Tabletop-Projector-Microphone%2Fdp%2FB0DMZ1DRQB%2Fref%3Dsr_1_38_sspa%3Fdib%3DeyJ2IjoiMSJ9.uauBr4aFDX5nklu4xggGpvtyAAErgS8ISu6Hm4ndJ-TA3zZgUHPPVz_ofYhR7aAnV8Wh0NRAPQQ0zkmblensjB4JYvvpHbhMahn7g5u3-Op577E8s4FOLpjsscFvZPH5eUT4unIklfIj_nMf3omurlikY9uL0qLyyLv8EM6jsAj5KAEKD4_Xx22aiG0hzTBHxk-Pdryj1KTi7mn4zP6X60UAn3IRZKgfhSh5vIa5Je8.k1_6etFjTBX59NSJswovA27kz-8BruJFfX-EQtL_zas%26dib_tag%3Dse%26keywords%3Dlogitech%26qid%3D1740143434%26sr%3D8-38-spons%26xpid%3DN7Y7EFdCwfn02%26sp_csd%3Dd2lkZ2V0TmFtZT1zcF9idGY%26psc%3D1
