title,price
"New h390 USB Headset with noisecanceling Microphone Bulk Packaging, 5.8 Ounce",28.09
"Voyager 4320 UC Wireless Headset & Charge Stand (Plantronics) - Stereo Headphones w/Noise-Canceling Boom Mic - Connect PC/Mac/Mobile via Bluetooth-Works w/Teams (Certified), Zoom-Amazon Exclusive",129.99
"MX Keys S Combo - Performance Wireless Keyboard and Mouse with Palm Rest, Customizable Illumination, Fast Scrolling, Bluetooth, USB C, for Windows, Linux, Chrome, Mac",174.59
"Logitech G502 HERO High Performance Wired Gaming Mouse, HERO 25K Sensor, 25,600 DPI, RGB, Adjustable Weights, 11 Programmable Buttons, On-Board Memory, PC / Mac",Không có giá
"Logitech G733 Lightspeed Wireless Gaming Headset with Suspension Headband, Lightsync RGB, Blue VO!CE mic technology and PRO-G audio drivers - Black",Không có giá
"Brio 101 Full HD 1080p Webcam Made for Meetings and Works for Streaming — Auto-Light Balance, Built-in Mic, Privacy Shutter, USB-A, for Microsoft Teams, Google Meet, Zoom, and More - Black",35.99
"Voyager Focus 2 UC Wireless Headset with Microphone & Charge Stand (Plantronics) - Active Noise Canceling (ANC) - Connect PC/Mac/Mobile via Bluetooth -Works w/Teams, Zoom & More-Amazon Exclusive",169.99
MK335 Wireless Keyboard and Mouse Combo - Black/Silver,39.60
"H390 Wired Headset for PC/Laptop, Stereo Headphones with Noise Cancelling Microphone, USB-A, in-Line Controls for Video Meetings, Music, Gaming and Beyond - Black",Không có giá
"C922x Pro Stream Webcam – Full 1080p HD Camera, Black",98.49
"Logitech G920 Driving Force Racing Wheel and Pedals, Force Feedback + Logitech G Driving Force Shifter - Xbox Series X|S, Xbox One and PC, Mac - Black",Không có giá
"Studio R30 4K Video Conferencing Bar (Plantronics) – Camera, Mic, & Speaker for Small Rooms – Automatic Camera Framing – Noise Reduction Technology – Works w/Teams, Google, Zoom –Amazon Exclusive",349.99
"PRO X SUPERLIGHT Wireless Gaming Mouse, Ultra-Lightweight, HERO 25K Sensor, 25,600 DPI, 5 Programmable Buttons, Long Battery Life, Compatible with PC / Mac - Black",90.00
"ERGO K860 Wireless Ergonomic Keyboard - Split Keyboard, Wrist Rest, Natural Typing, Stain-Resistant Fabric, Bluetooth and USB Connectivity, Compatible with Windows/Mac, Black",Không có giá
"MX Vertical Wireless Mouse – Ergonomic Design Reduces Muscle Strain, Move Content Between 3 Windows and Apple Computers, Rechargeable, Graphite",78.99
Pro Wireless Gaming Mouse with Esports Grade Performance,69.95
"[2024 Version Wireless Headset with Mic for Work, Bluetooth Headset with Microphone (AI Noise Cancelling), Wireless Headset for Work from Home/Office/Call Center/PC/Computer/Laptop/Teams/Zoom",89.99
"MX Anywhere 2S Bluetooth Edition Wireless Mouse - Use On Any Surface, Hyper-Fast Scrolling, Rechargeable, Control Up to 3 Apple Mac and Windows Computers and Laptops",Không có giá
"MX Mechanical Mini Wireless Illuminated Keyboard, Clicky Switches, Backlit, Bluetooth, USB-C, macOS, Windows, Linux, iOS, Android, Metal",94.05
"M196 Bluetooth Wireless Mouse, Compact and Portable Mouse for Laptops, Tablets and More, 12-Month Battery, Smooth Tracking, Compatible with PC and Mac, Windows and macOS - Rose",9.99
"Wave Keys MK670 Combo, Wireless Ergonomic Keyboard with Signature M550 L Wireless Mouse, Comfortable Natural Typing, Bluetooth, Logi Bolt, for Multi-OS, Windows/Mac - Graphite",68.25
"Bluetooth Headset, Wireless Headset with Noise Cancelling Microphone for Work, On Ear Headphones with USB Dongle and Mute Mic for Computer, Office Headset for Work, Call Center",49.99
